student_id,student_name,week,turn,sender,message
s01,Alex Chen,1,1,freddie,"Hey there! I'm Freddie, your feedback bot for CMPM 230. I'm here to collect your thoughts on this week's topics. You can end our chat anytime by saying STOP or when you're out of feedback. So — did framing a computational experience as a data science question feel natural or forced to you?"
s01,Alex Chen,1,2,student,"Hey Freddie. Honestly the DSLC made sense since I've done data projects before. But the domain framing part was newer for me — I wasn't sure how specific to get when turning a game scenario into a DS question."
s01,Alex Chen,1,3,freddie,"Got it — the DSLC clicked but domain framing felt unclear in scope. What do you think would have made it easier to figure out the right level of specificity? More examples, a rubric, something else?"
s01,Alex Chen,1,4,student,"Definitely more worked examples. Reza showed one game example but I would've liked to see 2 or 3 to get a feel for the granularity. Like one too broad, one too narrow, one just right."
s01,Alex Chen,1,5,freddie,"That's a really concrete suggestion. Speaking of Reza — how would you rate his teaching this week overall? Anything about his approach that stood out positively or could improve?"
s01,Alex Chen,1,6,student,"Reza's clearly passionate and explains things well at a high level. I think he could slow down a bit during the more technical parts though. The pace was a little fast when he got into the lifecycle details."
s01,Alex Chen,1,7,freddie,"Thanks for that. Now — how did the exercises work for you? Did mapping a computational experience to the DSLC stages and writing a domain-framed data question about a game help solidify the concepts?"
s01,Alex Chen,1,8,student,"The DSLC mapping exercise was useful — it made the stages feel concrete instead of abstract. The domain question exercise was harder but in a good way. I chose Valorant matchmaking and it made the concept click."
s01,Alex Chen,1,9,freddie,"Nice, sounds like the exercises landed well for you. On the flip side — what topics from this week felt especially well-explained or clicked right away?"
s01,Alex Chen,1,10,student,"The big picture framing of data science as a full workflow was really well presented. I'd done bits and pieces before but seeing it as a coherent lifecycle with stages was a new and helpful way to think about it."
s01,Alex Chen,1,11,freddie,"Great to hear that connected. Last question on content — what are you most excited or curious about for next week's topic on data and collection?"
s01,Alex Chen,1,12,student,"I'm curious about how we'll approach data collection specifically for games. Like will we use APIs, scraping, surveys? I want to know what's practical for game analytics."
s01,Alex Chen,1,13,freddie,"Awesome, thanks for all your feedback Alex! Before we wrap — any thoughts on how I did as a feedback bot? Ways I could improve at gathering your thoughts?"
s01,Alex Chen,1,14,student,"You were good. Maybe let the conversation feel a bit more open-ended at the start before drilling into specific questions. But overall solid."
s02,Maya Rodriguez,1,1,freddie,"Hi! I'm Freddie, your CMPM 230 feedback bot. I'm here to hear how this week went for you. Say STOP anytime or let me know when you're done. To kick off — were the intro concepts like the DSLC and domain framing explained clearly enough for you?"
s02,Maya Rodriguez,1,2,student,"Hi Freddie! Hmm, I think I understood the general idea of the DSLC but some of the terminology was hard to follow. Like I get the stages visually but when Reza used technical terms quickly I got a bit lost."
s02,Maya Rodriguez,1,3,freddie,"That makes sense — the visual was clear but the jargon was a barrier. What do you think would have helped? Maybe a glossary handout, more pauses for questions, or something else?"
s02,Maya Rodriguez,1,4,student,"A glossary would be amazing actually. Or even just having key terms on the slides with simple definitions. I come from game design so the stats-y language is new to me."
s02,Maya Rodriguez,1,5,freddie,"Totally fair. How did you feel about Reza's teaching approach this week? Did his style work for you as someone coming from a design background?"
s02,Maya Rodriguez,1,6,student,"I like Reza, he's enthusiastic and makes it feel approachable. The game examples really helped me connect. I just wish he'd check in more with students who might not have the CS background."
s02,Maya Rodriguez,1,7,freddie,"Good feedback. How about the exercises — mapping a computational experience to the DSLC and writing a domain-framed data question about a game? Did those help your learning?"
s02,Maya Rodriguez,1,8,student,"The DSLC mapping was ok once I figured out what to do, but I was confused at first about what counted as a computational experience. The game question exercise was more fun — I picked Animal Crossing!"
s02,Maya Rodriguez,1,9,freddie,"Love that choice! What topics from this week felt well-explained or made sense to you right away?"
s02,Maya Rodriguez,1,10,student,"Honestly the idea that games generate data that can be studied scientifically was kind of an aha moment. I never thought about my design work that way before."
s02,Maya Rodriguez,1,11,freddie,"That's great — sounds like the framing resonated. What are you looking forward to or curious about with next week's data and collection topic?"
s02,Maya Rodriguez,1,12,student,"I'm curious but also a little nervous. Hopefully it stays connected to games and doesn't get too abstract."
s02,Maya Rodriguez,1,13,freddie,"Thanks for being so open with your feedback Maya! Quick last thing — how was chatting with me? Anything I could do better as a feedback bot?"
s02,Maya Rodriguez,1,14,student,"You were nice and easy to talk to! Maybe shorter questions though, some felt like a lot to process at once. Thanks Freddie!"
s03,Jordan Kim,1,1,freddie,"Hey! I'm Freddie, the feedback bot for CMPM 230. Here to hear about your Week 1 experience. Say STOP or let me know when you're out of feedback. First up — how did framing computational experiences as data science questions land for you?"
s03,Jordan Kim,1,2,student,"Hey Freddie. Honestly a lot of this week felt familiar since I've taken stats courses. The DSLC is basically the same workflow we learned in intro stats just with different names. Domain framing was the newer angle."
s03,Jordan Kim,1,3,freddie,"Interesting — so the stats overlap felt redundant. Was the game-specific domain framing enough to make it feel distinct, or did you want the course to go deeper faster?"
s03,Jordan Kim,1,4,student,"The game context did make it feel fresh. I think the issue is more that Week 1 intro material is always slow. I'm hoping later weeks get more into the weeds. Reza hinted at some good stuff coming."
s03,Jordan Kim,1,5,freddie,"Makes sense — patience for the payoff. How was Reza's teaching for you this week? Given your background, did he still offer new perspectives?"
s03,Jordan Kim,1,6,student,"Reza's good. He clearly knows his stuff and the game analytics lens is unique. I appreciated that he didn't just rehash generic DS intro content — the computational experience framing was a nice twist."
s03,Jordan Kim,1,7,freddie,"Glad to hear. Did the exercises — DSLC mapping and the domain-framed data question — feel useful or too basic given your background?"
s03,Jordan Kim,1,8,student,"The DSLC mapping was easy for me but I can see how it'd help others. The domain question was more interesting — I chose analyzing player churn in a mobile game which felt like a real problem to solve."
s03,Jordan Kim,1,9,freddie,"Cool — what were you most excited about for next week on data and collection?"
s03,Jordan Kim,1,10,student,"Live vs dead data sounds interesting from the description. And I want to see how game data collection differs from traditional survey or experimental data that I'm used to."
s03,Jordan Kim,1,11,freddie,"Thanks for the thoughtful feedback Jordan. Before we go — any thoughts on how I did as a bot? Ways I could better collect feedback?"
s03,Jordan Kim,1,12,student,"Pretty good. Maybe adapt the questions based on what the student says — like if someone says stuff was easy, skip the struggle questions and go deeper on what they want. Otherwise solid."
s04,Sam Patel,1,1,freddie,"Hi! I'm Freddie, the CMPM 230 feedback bot. I want to hear about your Week 1 experience. You can say STOP anytime or just let me know when you're done. Starting off — were the intro concepts around the DSLC and domain framing clear?"
s04,Sam Patel,1,2,student,"Hi Freddie. I'll be honest — most of Week 1 was review for me. I've taken ML courses and worked as a data analyst so the DSLC and framing questions are things I've already internalized. Not a complaint, just context."
s04,Sam Patel,1,3,freddie,"Appreciate the honesty. Even if it was review, was there anything about how it was framed for games/computational experiences specifically that offered a new angle for you?"
s04,Sam Patel,1,4,student,"Yeah the computational experience framing is the one new thing. I've never thought about applying DS specifically to game systems. That part was interesting. I just wish we could have moved faster through the basics to get to the game-specific stuff."
s04,Sam Patel,1,5,freddie,"Fair point. How did Reza handle the balance of teaching to a mixed-experience class? Any feedback on his approach?"
s04,Sam Patel,1,6,student,"Reza's a strong lecturer. He's good at making things accessible without being condescending. I think offering an optional advanced track or reading list for students like me would help. I don't want to be bored but I also don't want the class slowed down."
s04,Sam Patel,1,7,freddie,"That's a constructive suggestion. How were the exercises for you — the DSLC mapping and domain-framed data question? Too easy, just right, or still useful?"
s04,Sam Patel,1,8,student,"The DSLC mapping was too basic for me. The domain question was better — I chose predicting speedrun completion rates which was a fun problem to frame. I'd suggest having a harder variant for experienced students."
s04,Sam Patel,1,9,freddie,"Nice problem choice. What topics this week felt especially well-presented despite being familiar?"
s04,Sam Patel,1,10,student,"The way Reza connected each DSLC stage to a running game example throughout the lecture was really effective pedagogically. Even though I knew the content, the narrative structure was well done."
s04,Sam Patel,1,11,freddie,"Good to know. What are you most looking forward to next week with data and collection?"
s04,Sam Patel,1,12,student,"I want to see how data documentation works for game telemetry. That's messier than typical datasets and I'm curious how Reza approaches it."
s04,Sam Patel,1,13,freddie,"Thanks Sam, really helpful feedback. Last thing — how was your experience with me as a feedback tool? Suggestions?"
s04,Sam Patel,1,14,student,"You're fine. My suggestion would be to let students optionally tag their experience level at the start so you can tailor your questions. Would make the conversation more efficient for experienced folks."
s05,Taylor Williams,1,1,freddie,"Hey! I'm Freddie, your CMPM 230 feedback bot. I'm here to hear how Week 1 went for you. You can type STOP or just tell me when you're out of things to share. So — were the intro concepts like the DSLC and domain framing clear for you?"
s05,Taylor Williams,1,2,student,"Hi Freddie. Honestly I was pretty overwhelmed. There were a lot of new terms and I felt like I was falling behind. I'm a game design major and this feels very CS-heavy."
s05,Taylor Williams,1,3,freddie,"That's totally valid to feel. Which specific terms or concepts were the hardest to follow? And what do you think could have helped make them more approachable?"
s05,Taylor Williams,1,4,student,"The DSLC stages were confusing — like I get that there are steps but I couldn't tell where one ended and the next began in the examples. Maybe more visual walkthroughs or step by step breakdowns would help."
s05,Taylor Williams,1,5,freddie,"Step-by-step breakdowns sound helpful. How about Reza's teaching — did his approach work for you, or was there something about the pacing or style that made it harder?"
s05,Taylor Williams,1,6,student,"Reza is really nice and patient when you ask questions. But the lecture moved fast and I was afraid to ask too many questions in front of everyone. Maybe some kind of anonymous question tool during class?"
s05,Taylor Williams,1,7,freddie,"That's a great suggestion. How did the exercises go — mapping to the DSLC and writing a domain-framed question about a game? Were they helpful or added to the overwhelm?"
s05,Taylor Williams,1,8,student,"They were hard but the game part made them less scary. I picked Mario Kart for the domain question which at least made it fun to think about even if I wasn't sure I did it right."
s05,Taylor Williams,1,9,freddie,"Glad the game connection helped. Was there anything from this week that did click or felt well-explained?"
s05,Taylor Williams,1,10,student,"The idea that you can study games with data was cool. I just need more support getting from the idea to the execution. I think I'll be ok once I get the hang of it."
s05,Taylor Williams,1,11,freddie,"That's a positive outlook! Thanks for sharing Taylor. Before we wrap — how was this chat experience? Ways I could be better at collecting feedback?"
s05,Taylor Williams,1,12,student,"You were good! Maybe check in about how the student is feeling emotionally too, not just about the content. This class is stressful for non-CS people."
s06,Riley Nakamura,1,1,freddie,"Hi! I'm Freddie, your CMPM 230 feedback bot. I'd love to hear about your Week 1 experience. Type STOP or let me know when you're done. To start — did the concept of framing computational experiences as data science questions click for you?"
s06,Riley Nakamura,1,2,student,"Hey Freddie! Yeah it totally clicked. I've been thinking about ML pipelines a lot and the DSLC maps really naturally onto that. Domain framing is basically feature selection and problem definition in ML terms."
s06,Riley Nakamura,1,3,freddie,"Nice connection to ML. Was there anything that felt less clear or that you think could have been taught differently, even from your more advanced perspective?"
s06,Riley Nakamura,1,4,student,"I think the connection between domain framing and actual model objectives could have been more explicit. Like when you frame a question about a game, what does that imply about your target variable? That link was implicit."
s06,Riley Nakamura,1,5,freddie,"Interesting observation. How would you rate Reza's teaching this week? Did he provide enough depth for someone with your background?"
s06,Riley Nakamura,1,6,student,"Reza's great — he clearly knows the space deeply. I think he's balancing a wide range of student backgrounds which is tough. For me personally I'd love optional deeper dives but I understand he has to serve everyone."
s06,Riley Nakamura,1,7,freddie,"Fair. How did the exercises land? The DSLC mapping and domain-framed data question — did they push your thinking at all?"
s06,Riley Nakamura,1,8,student,"The DSLC mapping was straightforward but the domain question was interesting. I framed a question about predicting player toxicity in competitive FPS games. It forced me to think about what data I'd actually need."
s06,Riley Nakamura,1,9,freddie,"That's a meaty question to frame. What from this week felt especially well-explained?"
s06,Riley Nakamura,1,10,student,"The full workflow overview was excellent. Having a clear mental model of the entire pipeline from question to communication before diving into any piece is something my ML courses never did well."
s06,Riley Nakamura,1,11,freddie,"Great point. What are you most excited about for next week's data and collection topic?"
s06,Riley Nakamura,1,12,student,"Live vs dead data sounds fascinating. And I want to know more about collecting behavioral telemetry from games — that feels like it connects directly to the kind of ML projects I want to do."
s06,Riley Nakamura,1,13,freddie,"Thanks Riley! Last thing — any feedback on me as a bot? How could I gather your thoughts better?"
s06,Riley Nakamura,1,14,student,"Honestly you're solid. Maybe let students bring up their own topics first before asking directed questions. Sometimes I have thoughts that don't fit neatly into your questions."
s07,Casey O'Brien,1,1,freddie,"Hi there! I'm Freddie, the CMPM 230 feedback bot. I want to hear how Week 1 went for you. Say STOP anytime or let me know when you've shared everything. So — were the intro concepts like the DSLC and domain framing clear for you?"
s07,Casey O'Brien,1,2,student,"Hi Freddie. Um honestly I was kind of scared going in. I'm an art and game design major and this is my first real data class. The DSLC felt really abstract and I kept thinking I don't belong here."
s07,Casey O'Brien,1,3,freddie,"I hear you — it's tough being in unfamiliar territory. What specifically felt abstract about the DSLC? And what do you think might have made it feel less intimidating?"
s07,Casey O'Brien,1,4,student,"I think if there were more visual examples? Like an actual step by step walkthrough with a game I know. The stages as a list of names didn't mean much to me. But when Reza used the game example it started making more sense."
s07,Casey O'Brien,1,5,freddie,"So the concrete game example was the key. How was Reza's teaching for you? Did his approach help with the anxiety at all?"
s07,Casey O'Brien,1,6,student,"Reza is super nice and encouraging. He said there's no wrong questions which helped. I just wish there was more time to process things before moving to the next concept. It was a lot of new ideas in one lecture."
s07,Casey O'Brien,1,7,freddie,"That's understandable. How were the exercises — mapping to the DSLC and writing a domain question about a game? Did they help or feel too daunting?"
s07,Casey O'Brien,1,8,student,"The domain question was actually the most fun part! I wrote about how players choose outfits in a dress up game. It made data science feel like something I could connect to my interests."
s07,Casey O'Brien,1,9,freddie,"That's wonderful! Was there anything this week that felt well-explained or that you understood easily?"
s07,Casey O'Brien,1,10,student,"The idea that every game is generating data just by being played was cool. Like I never thought about my design choices creating data points. That was explained well."
s07,Casey O'Brien,1,11,freddie,"Nice takeaway. Thanks Casey! Quick last thing — how was chatting with me? Any ways I could be better?"
s07,Casey O'Brien,1,12,student,"You were really nice! Maybe be a little more encouraging when someone says they're struggling? Like validate that it's ok to find things hard. Thanks Freddie :)"
s08,Morgan Lee,1,1,freddie,"Hey! I'm Freddie, your CMPM 230 feedback bot. I want to hear about Week 1. Say STOP or let me know when you're out of feedback. First up — were the concepts around the DSLC and domain framing clear to you?"
s08,Morgan Lee,1,2,student,"Hey. Yeah they were clear enough. I get the lifecycle stuff. I just found the lecture kind of heavy on theory. I'd rather be coding or working with actual data than listening to frameworks."
s08,Morgan Lee,1,3,freddie,"Fair — you wanted more hands-on work. What would an ideal balance of theory vs practice look like for you?"
s08,Morgan Lee,1,4,student,"Like 30% lecture 70% coding/exercises. The two exercises were the best part of class. Everything else was stuff I could have read on my own."
s08,Morgan Lee,1,5,freddie,"How did you feel about Reza's teaching style? Any feedback on his approach?"
s08,Morgan Lee,1,6,student,"He's fine, knows his stuff. I just don't learn well from lectures. Not really his fault. He did a good job with the examples."
s08,Morgan Lee,1,7,freddie,"Got it. How were those exercises — the DSLC mapping and domain question? You mentioned they were the best part."
s08,Morgan Lee,1,8,student,"Yeah the DSLC mapping made the theory actually stick. The domain question was cool, I used a game I'm building and it was useful for my own project. More stuff like that please."
s08,Morgan Lee,1,9,freddie,"Awesome. What are you looking forward to with next week's data and collection topic?"
s08,Morgan Lee,1,10,student,"Hoping there's more coding involved. Working with actual datasets and collection tools. That's where I learn best."
s08,Morgan Lee,1,11,freddie,"Thanks Morgan. Last thing — feedback on me as a bot? How could I improve?"
s08,Morgan Lee,1,12,student,"You're fine. Maybe fewer questions and more open-ended prompts so I can just dump my thoughts. Felt a bit like an interview."
s09,Avery Martinez,1,1,freddie,"Hi! I'm Freddie, the CMPM 230 feedback bot. Here to collect your Week 1 thoughts. You can say STOP anytime. To kick things off — how did framing computational experiences as data science questions feel for you?"
s09,Avery Martinez,1,2,student,"Hi Freddie. This is interesting to me because in cognitive science we frame research questions similarly but for human behavior. Seeing the parallel with computational experiences was illuminating."
s09,Avery Martinez,1,3,freddie,"Nice to hear that connection! Was there anything from the DS framing that felt different or challenging compared to how you frame research in cog sci?"
s09,Avery Martinez,1,4,student,"The DSLC felt familiar but the 'computational experience' part was new. I kept wanting to frame things in terms of user experience rather than the system itself. Not sure if that's wrong or just a different lens."
s09,Avery Martinez,1,5,freddie,"That's a thoughtful distinction. How was Reza's teaching approach for you as someone from a different field?"
s09,Avery Martinez,1,6,student,"Reza was great at making it accessible across disciplines. He didn't assume everyone was CS which I appreciated. The game examples were helpful as shared ground between all of us."
s09,Avery Martinez,1,7,freddie,"Good to hear. How did the exercises support your learning — the DSLC mapping and domain-framed question?"
s09,Avery Martinez,1,8,student,"I framed a question about how tutorial design affects player learning curves. It felt very natural from my research angle. The DSLC mapping was useful for seeing how my research steps translate."
s09,Avery Martinez,1,9,freddie,"That's a fascinating question. What topic clicked best for you this week?"
s09,Avery Martinez,1,10,student,"Domain framing was the highlight. It's basically operationalization in research methods but applied to games. That connection was exciting."
s09,Avery Martinez,1,11,freddie,"Thanks Avery! Any feedback on me as a feedback bot? How could I improve?"
s09,Avery Martinez,1,12,student,"You're good! Maybe ask about how concepts connect to students' other coursework or research. That's where the real insights come from for interdisciplinary students."
s10,Jamie Thompson,1,1,freddie,"Hey! I'm Freddie, the CMPM 230 feedback bot. I want to hear how Week 1 went. Say STOP anytime or let me know when you're done. Starting off — did framing computational experiences as data science questions feel practical and applicable to you?"
s10,Jamie Thompson,1,2,student,"Hi Freddie. Yeah it did. I interned at a mobile game studio last summer and we were basically doing this without calling it data science. Having the formal framework is useful."
s10,Jamie Thompson,1,3,freddie,"Great real-world connection. Was there anything about the formal framework that felt disconnected from how it actually works in industry?"
s10,Jamie Thompson,1,4,student,"Kind of. In production you don't really think in DSLC stages — you just look at metrics and react. But I can see how the formal structure helps for more rigorous analysis. Reza made that distinction well."
s10,Jamie Thompson,1,5,freddie,"How was Reza's teaching overall for you? Any feedback on his approach from someone with industry context?"
s10,Jamie Thompson,1,6,student,"Reza's solid. I like that he uses real game examples, not toy problems. I'd love to see even more case studies from actual studios. Maybe guest speakers from industry down the line."
s10,Jamie Thompson,1,7,freddie,"Cool suggestion. How were the exercises — did mapping the DSLC and writing a domain question about a game feel useful?"
s10,Jamie Thompson,1,8,student,"The DSLC mapping felt a bit academic but the domain question was great. I used a retention problem from my internship as the basis and it helped me see the theory-practice connection."
s10,Jamie Thompson,1,9,freddie,"That's practical. What are you most excited for with next week's data and collection topic?"
s10,Jamie Thompson,1,10,student,"Really looking forward to live vs dead data. At my internship we dealt with both and I want to understand the formal distinctions better."
s10,Jamie Thompson,1,11,freddie,"Thanks Jamie! Quick last thing — any feedback on me as a feedback bot?"
s10,Jamie Thompson,1,12,student,"Yeah you're fine. Maybe ask about how concepts relate to industry or real work. Students with experience might have good insights to share."
s12,Quinn Fischer,1,1,freddie,"Hi! I'm Freddie, your CMPM 230 feedback bot. I'm here to hear about Week 1. Type STOP or let me know when you're done sharing. To start — were the intro concepts like the DSLC and domain framing clear for you?"
s12,Quinn Fischer,1,2,student,"FREDDIE HI! Ok so I have a lot of thoughts. This week was so interesting! I loved learning about the DSLC and how everything connects. The game examples were really fun."
s12,Quinn Fischer,1,3,freddie,"Love the energy! Was there anything from this week that was confusing or that you struggled with, even a little bit?"
s12,Quinn Fischer,1,4,student,"Hmm domain framing was a bit tricky. Like I understand it conceptually but when I tried to actually write my own question it took a while. Also I kept going back and forth between the DSLC stages — is that normal?"
s12,Quinn Fischer,1,5,freddie,"Totally normal! What do you think would have made domain framing easier to practice? And how did Reza's teaching help or not help with that?"
s12,Quinn Fischer,1,6,student,"More practice examples would help! Reza is awesome by the way, super energetic and makes everything feel exciting. He could maybe slow down just a tiny bit during the exercise walkthroughs."
s12,Quinn Fischer,1,7,freddie,"Good feedback. Speaking of exercises — how did the DSLC mapping and domain question exercises go for you? Did they support your learning?"
s12,Quinn Fischer,1,8,student,"YES the exercises were the best! I picked Stardew Valley for my domain question and it was so fun thinking about what data a farming sim generates. The mapping exercise was also cool but I second guessed myself a lot."
s12,Quinn Fischer,1,9,freddie,"Stardew Valley is a great pick. What are you excited about for next week on data and collection?"
s12,Quinn Fischer,1,10,student,"Everything!! But especially learning about different data types in games. I never really thought about how games store information. This is opening a whole new world for me!"
s12,Quinn Fischer,1,11,freddie,"Thanks Quinn! Last thing — how was I as a feedback bot? Anything I could do better?"
s12,Quinn Fischer,1,12,student,"You were great! Maybe add more encouragement when someone shares something they're excited about. Like validate the excitement too not just the struggles!"
s13,Skyler Ahmed,1,1,freddie,"Hey! I'm Freddie, the CMPM 230 feedback bot. I'm here to collect your thoughts on Week 1. Say STOP anytime or when you're out of feedback. First — were the intro concepts around the DSLC and domain framing explained clearly for you?"
s13,Skyler Ahmed,1,2,student,"Hi Freddie. I just transferred to UCSC this quarter so I'm still getting used to the pace here. The concepts made sense in the lecture but when I went home to review I realized I wasn't sure about some things."
s13,Skyler Ahmed,1,3,freddie,"Adjusting to a new school is tough. What concepts were you unsure about when reviewing? And what do you think would have helped — slides, recordings, office hours?"
s13,Skyler Ahmed,1,4,student,"Mainly the difference between domain framing and just asking a question about data. It felt subtle. Recorded lectures or a cheat sheet with definitions would help a lot. I'm used to having those from my old school."
s13,Skyler Ahmed,1,5,freddie,"That's a fair ask. How was Reza's teaching style for you as someone new to UCSC?"
s13,Skyler Ahmed,1,6,student,"He seems really good. Very welcoming. I was nervous being new but he made the class feel inclusive. The game focus helps since that's common ground for everyone."
s13,Skyler Ahmed,1,7,freddie,"Glad he's welcoming. Did the exercises — DSLC mapping and domain question — help clarify things or add to the uncertainty?"
s13,Skyler Ahmed,1,8,student,"They helped actually. Having something concrete to do made the abstract stuff land better. I just needed a bit more guidance on what a good answer looks like."
s13,Skyler Ahmed,1,9,freddie,"Makes sense. Thanks for sharing Skyler! Any feedback on me? How could I better collect your thoughts?"
s13,Skyler Ahmed,1,10,student,"You're good. This was my first time using a feedback bot — it was actually easier than filling out a form. Nice work!"
s14,River Santos,1,1,freddie,"Hi! I'm Freddie, the CMPM 230 feedback bot. I want to hear about your Week 1 experience. Say STOP or tell me when you're done. So — did framing computational experiences as data science questions feel natural or forced to you?"
s14,River Santos,1,2,student,"Hey Freddie. As a game design and CS double major, it felt pretty natural. I've always thought about games as systems that generate data, so the framing clicked. The DSLC was a nice formal way to organize that intuition."
s14,River Santos,1,3,freddie,"Good that it matched your intuition. Was there anything that didn't land as well or that you think could be improved about how concepts were presented?"
s14,River Santos,1,4,student,"Domain framing was well done but I wish there were examples from different game genres. Reza mostly used competitive/multiplayer examples. Narrative games and single player experiences also have interesting data science questions."
s14,River Santos,1,5,freddie,"That's a great point about genre diversity. How was Reza's teaching overall? Any other feedback on his approach?"
s14,River Santos,1,6,student,"Reza's really engaging and knowledgeable. He balances accessibility and depth well. My only suggestion would be to explicitly call out when a concept applies differently to different game types since we're a mixed design/CS audience."
s14,River Santos,1,7,freddie,"Constructive. How did the exercises work for you — the DSLC mapping and domain-framed data question?"
s14,River Santos,1,8,student,"Both were useful. The DSLC mapping helped me see gaps in how I usually think about data work. The domain question I wrote was about narrative branching patterns in Disco Elysium which was fun to formalize."
s14,River Santos,1,9,freddie,"Cool choice! What from this week felt especially well-explained?"
s14,River Santos,1,10,student,"The full workflow overview. Having the big picture before diving into details is exactly the right pedagogical choice. It gives everything a home to fit into."
s14,River Santos,1,11,freddie,"What are you most looking forward to with next week's topic on data and collection?"
s14,River Santos,1,12,student,"I'm curious about live vs dead data — like how telemetry from a live game differs from post-hoc analysis of logs. That distinction seems really important for game DS."
s14,River Santos,1,13,freddie,"Thanks River! Last question — any feedback on how I could improve as a feedback bot?"
s14,River Santos,1,14,student,"You follow a pretty rigid script. Maybe adapt more based on what the student says — like if I raise a nuanced point, dig deeper into it rather than moving to the next standard question."
s15,Cameron Novak,1,1,freddie,"Hey! I'm Freddie, your CMPM 230 feedback bot. Here to gather your thoughts on Week 1. Say STOP anytime or when you're done. To start — were the intro concepts around the DSLC and domain framing explained clearly?"
s15,Cameron Novak,1,2,student,"Hi Freddie. The concepts were mostly clear but I have some specific questions. When we talk about the DSLC, Reza presented it as linear but he also mentioned iteration. I'd like more clarity on when you go back to earlier stages vs moving forward."
s15,Cameron Novak,1,3,freddie,"Good edge case to raise. What do you think would have helped — maybe a branching diagram instead of a linear one, or case studies showing iteration?"
s15,Cameron Novak,1,4,student,"A case study showing a real project that had to loop back would be ideal. Like 'we were at analysis but realized our data collection was flawed so we went back.' That would make the iteration concrete."
s15,Cameron Novak,1,5,freddie,"That's a really specific and useful suggestion. How was Reza's teaching approach this week? Any thoughts on how he handles these kinds of nuanced questions?"
s15,Cameron Novak,1,6,student,"Reza's excellent. When I asked about iteration in class he gave a good answer but didn't have time to fully explore it. I'd appreciate if edge cases like that were addressed in supplementary materials or office hours."
s15,Cameron Novak,1,7,freddie,"Good idea. How were the exercises? Did mapping to the DSLC and writing a domain question push your thinking in the right ways?"
s15,Cameron Novak,1,8,student,"The DSLC mapping exposed an interesting tension — my computational experience didn't fit neatly into the stages which was actually really instructive. The domain question exercise was well-scoped. I chose analyzing difficulty curves in roguelikes."
s15,Cameron Novak,1,9,freddie,"Great observations. What topics this week felt well-explained or immediately clear?"
s15,Cameron Novak,1,10,student,"The computational-experience framing was elegant. Defining exactly what counts as a computational experience and then showing how any CE generates analyzable data was very well done. Clear and concise."
s15,Cameron Novak,1,11,freddie,"What are you looking forward to next week with data and collection?"
s15,Cameron Novak,1,12,student,"I want to understand the formal criteria for choosing between observational and experimental data collection in a game context. Also curious about ethical considerations with player data."
s15,Cameron Novak,1,13,freddie,"Those are great questions. Thanks for the detailed feedback Cameron! Any suggestions for how I could improve as a feedback bot?"
s15,Cameron Novak,1,14,student,"You could ask more open-ended questions and then follow up on specifics. Also, letting me rate things on a scale alongside qualitative feedback would be useful for aggregation."
s16,Jesse Park,1,1,freddie,"Hey! I'm Freddie, the CMPM 230 feedback bot. I'm here to hear about Week 1. Type STOP or tell me when you're done. First — were the intro concepts like the DSLC and domain framing clear to you?"
s16,Jesse Park,1,2,student,"Hey. I'll be real with you — I'm only in this class because it's required for my major. Data science is not my thing. I'm a game design person and I want to make games not analyze them."
s16,Jesse Park,1,3,freddie,"I appreciate the honesty. Even with that feeling, was there anything from this week that connected to your game design interests at all?"
s16,Jesse Park,1,4,student,"I guess the domain framing part was ok because at least it was about games. But the DSLC stages just felt like a lot of jargon for common sense. You collect data, clean it, analyze it, done. Why does it need a lifecycle?"
s16,Jesse Park,1,5,freddie,"Fair question. How did Reza's teaching land for you? Did the game examples help make it more relevant?"
s16,Jesse Park,1,6,student,"Reza's fine, he's enthusiastic. The game examples helped a bit. I just think there could be more emphasis on how this actually helps you make better games, not just study them. That would motivate me more."
s16,Jesse Park,1,7,freddie,"That's actually great feedback. Did the exercises help at all — the DSLC mapping and writing a data question about a game?"
s16,Jesse Park,1,8,student,"The domain question was ok I guess. I picked my own game project which made it somewhat relevant. The DSLC mapping felt like busywork though. STOP"
s16,Jesse Park,1,9,freddie,"Thanks for being honest Jesse, that's really valuable feedback. Before we go — any quick thoughts on how I could be a better feedback bot?"
s16,Jesse Park,1,10,student,"Maybe don't assume everyone is excited about the material. Ask what would make it more relevant to them. That's more useful than asking what clicked."
s17,Blake Harrison,1,1,freddie,"Hi! I'm Freddie, your CMPM 230 feedback bot. I want to hear about your Week 1 experience. Say STOP or let me know when you're done. To start — how did the intro concepts like the DSLC and domain framing land for you?"
s17,Blake Harrison,1,2,student,"Hey. Coming from an ML background, the DSLC is basically CRISP-DM which I've used before. Domain framing is problem formulation. So content-wise this was review. The game-specific angle is the only new thing."
s17,Blake Harrison,1,3,freddie,"Got it — familiar ground. Was the game angle enough to make it worthwhile, or did the week feel like it could have been compressed for experienced students?"
s17,Blake Harrison,1,4,student,"Honestly it could have been compressed. But I know intro weeks serve a purpose for the class. The computational experience framing is genuinely useful — it's a cleaner abstraction than what I've seen in ML courses."
s17,Blake Harrison,1,5,freddie,"Good to know the CE framing added value. How was Reza's teaching from your perspective?"
s17,Blake Harrison,1,6,student,"Reza's a good communicator. He doesn't just read slides, he actually teaches. I think he does well making things accessible. For advanced students, maybe offer pre-reading or challenge problems."
s17,Blake Harrison,1,7,freddie,"Solid suggestion. How were the exercises for you?"
s17,Blake Harrison,1,8,student,"Easy but well-designed. I can see how they'd help less experienced students. My domain question was about predicting esports match outcomes which was interesting to formalize."
s17,Blake Harrison,1,9,freddie,"What are you looking forward to next week?"
s17,Blake Harrison,1,10,student,"Data documentation and live data concepts. Those are areas where game data diverges from standard ML datasets and I want to understand the differences."
s17,Blake Harrison,1,11,freddie,"Thanks Blake. Any feedback on me as a bot?"
s17,Blake Harrison,1,12,student,"Fine. A bit formulaic though. Maybe fewer prescribed questions and more of a natural conversation flow. Feels like a survey with extra steps right now."
s01,Alex Chen,2,1,freddie,"Hey Alex, Freddie here again for Week 2! Same drill — share your thoughts anytime and say STOP when done. This week covered data types, observational units, data documentation, live vs dead data, and prediction vs evaluation. How did the data and collection concepts land for you?"
s01,Alex Chen,2,2,student,"Hey Freddie. This week was more hands-on which I liked. Data types and documentation were straightforward. The live vs dead data distinction was new and interesting — I hadn't thought about how different they are for game analytics."
s01,Alex Chen,2,3,freddie,"Glad live vs dead data was a highlight. Was there anything you found confusing, like identifying observational units or the prediction vs evaluation distinction?"
s01,Alex Chen,2,4,student,"Observational units tripped me up a little. For games it's not always obvious — is it a player, a session, a match, an action? Reza gave examples but I think we need more practice identifying them for different game data."
s01,Alex Chen,2,5,freddie,"Good point about the ambiguity. What do you think would have helped — more worked examples, a decision tree, practice problems?"
s01,Alex Chen,2,6,student,"A decision tree for figuring out your observational unit would be amazing. Like 'are you studying player behavior or system performance?' with branches. Reza could walk us through it."
s01,Alex Chen,2,7,freddie,"Great idea. How was Reza's teaching this week? Any shifts from last week you noticed?"
s01,Alex Chen,2,8,student,"He was good again. I think he paced better this week — maybe he got feedback from others too. The live data demo was really engaging, felt like a real investigation."
s01,Alex Chen,2,9,freddie,"Nice. How did the exercises go — documenting a dataset of your choice and planning data collection for prediction vs evaluation?"
s01,Alex Chen,2,10,student,"The documentation exercise was useful but felt tedious. Important to do but not exciting. The prediction vs evaluation planning was great — I planned a study on whether matchmaking rank predicts player retention."
s01,Alex Chen,2,11,freddie,"Solid problem to plan around. What felt well-explained this week?"
s01,Alex Chen,2,12,student,"Live vs dead data was the best topic. Reza used a live game telemetry example and it made the concept immediately concrete. I want more of that."
s01,Alex Chen,2,13,freddie,"What are you excited about for next week's cleaning and wrangling topic?"
s01,Alex Chen,2,14,student,"Looking forward to actually getting my hands dirty with messy data. Cleaning game logs sounds like a useful skill I'll use again."
s01,Alex Chen,2,15,freddie,"Thanks Alex! Any updated feedback on me? Am I improving as a bot?"
s01,Alex Chen,2,16,student,"Yeah you're consistent. I think letting the student steer more of the conversation would still be my main suggestion. But you're doing fine."
s03,Jordan Kim,2,1,freddie,"Hey Jordan! Freddie here for Week 2. Say STOP or let me know when you're done. This week was data types, observational units, documentation, live vs dead data, and planning for prediction or evaluation. How did it go?"
s03,Jordan Kim,2,2,student,"Hey Freddie. This was more interesting than Week 1 for me. Live vs dead data is not a distinction I learned in stats courses and it's really relevant for games. Observational units were familiar but the game context adds complexity."
s03,Jordan Kim,2,3,freddie,"Cool that the game context pushed your thinking. Was there anything confusing or that you think could have been explained differently?"
s03,Jordan Kim,2,4,student,"The prediction vs evaluation distinction was a bit blurry for me. In stats we frame it as exploratory vs confirmatory. Reza could explicitly map between the two vocabularies for students with stats background."
s03,Jordan Kim,2,5,freddie,"Helpful point. How did Reza's teaching feel this week?"
s03,Jordan Kim,2,6,student,"Good. He brought in real datasets which I appreciated. The pacing was better than Week 1. He's clearly listening to feedback and adjusting."
s03,Jordan Kim,2,7,freddie,"Great. How were the exercises — documenting a dataset and planning prediction vs evaluation data collection?"
s03,Jordan Kim,2,8,student,"Documentation was solid — I documented a Kaggle dataset of League of Legends matches and realized how much context you lose without good documentation. The planning exercise was useful but I wanted more structure for the deliverable."
s03,Jordan Kim,2,9,freddie,"What felt especially well-taught this week?"
s03,Jordan Kim,2,10,student,"Data documentation as a practice. I've never had a course emphasize it and now I see why it matters. Reza sold it well by showing a badly documented dataset first."
s03,Jordan Kim,2,11,freddie,"What are you looking forward to with next week's cleaning and wrangling?"
s03,Jordan Kim,2,12,student,"Tidy data and reshaping. I've used tidyr in R so I'm curious how Reza teaches it in a Python/game context."
s03,Jordan Kim,2,13,freddie,"Thanks Jordan! Any feedback on me as a bot?"
s03,Jordan Kim,2,14,student,"Same as last time — adapt more to what the student says. You asked about struggles even though I said things went well. Read the room a bit more."
s04,Sam Patel,2,1,freddie,"Hey Sam! Freddie here for Week 2. STOP anytime or let me know when done. Topics this week: data types, observational units, documentation, live vs dead data, prediction vs evaluation planning. How did it go for you?"
s04,Sam Patel,2,2,student,"Hi Freddie. Better than Week 1 for me — the content got more specific and closer to things I deal with. Observational units and data documentation are things I've had to think about at work but never formalized."
s04,Sam Patel,2,3,freddie,"Glad it connected to your experience. Was there anything you wished went deeper or that felt surface-level?"
s04,Sam Patel,2,4,student,"Live vs dead data was interesting but I wanted to go deeper into the tradeoffs. Like when do you choose to work with dead data vs building a live pipeline? There's a cost-benefit analysis there that we only scratched."
s04,Sam Patel,2,5,freddie,"That's a nuanced point. How was Reza's teaching this week? Did the depth improve from your perspective?"
s04,Sam Patel,2,6,student,"Yeah it was better. Reza brought real datasets which helped. He's doing a good job of ramping up the complexity. My only note is that the prediction vs evaluation framing felt a bit simplified — in practice the line is blurrier."
s04,Sam Patel,2,7,freddie,"Fair. How were the exercises — documenting a dataset and planning prediction vs evaluation collection?"
s04,Sam Patel,2,8,student,"Documentation exercise was valuable even for me — I documented a Twitch stream dataset and realized I'd skip metadata in my own projects. The planning exercise was good but I'd add constraints like budget or time to make it more realistic."
s04,Sam Patel,2,9,freddie,"Great suggestion. What was well-explained this week?"
s04,Sam Patel,2,10,student,"The observational unit concept was taught really well. Reza used nested examples — player, session, action — and showed how the same data looks different at each level. That was effective."
s04,Sam Patel,2,11,freddie,"What are you excited about for cleaning and wrangling next week?"
s04,Sam Patel,2,12,student,"Tidy data principles applied to game logs. In my experience game data is incredibly messy and I want to see Reza's approach to structuring it."
s04,Sam Patel,2,13,freddie,"Thanks Sam! Feedback on me?"
s04,Sam Patel,2,14,student,"Still think you should let students set their experience level upfront. But your questions are good. Maybe add a way to suggest topics for future lectures too."
s06,Riley Nakamura,2,1,freddie,"Hey Riley! Freddie back for Week 2. Say STOP or tell me when you're done. This week: data types, observational units, documentation, live vs dead data, prediction vs evaluation. How did it feel?"
s06,Riley Nakamura,2,2,student,"Hey Freddie! This week was great. The live vs dead data concept really resonated — in ML we deal with this all the time but never name it. Having the vocabulary is useful for communicating with non-ML people."
s06,Riley Nakamura,2,3,freddie,"Nice that the naming helped. Was anything unclear or worth more time?"
s06,Riley Nakamura,2,4,student,"Observational units in nested game data could use more depth. Like when you have players in teams in matches in seasons — which level is your observational unit? Reza covered it but I think a more complex example would help."
s06,Riley Nakamura,2,5,freddie,"Good point about nesting. How did Reza do this week?"
s06,Riley Nakamura,2,6,student,"Really well. The live data demo was engaging and he connected concepts well. He's getting better at pacing I think. The Q&A time was productive this week."
s06,Riley Nakamura,2,7,freddie,"How did the exercises land — documenting a dataset and planning prediction vs evaluation collection?"
s06,Riley Nakamura,2,8,student,"Both solid. I documented a Dota 2 match dataset and the exercise forced me to think about things I usually skip like provenance and collection date range. The planning exercise was good for distinguishing causal vs predictive goals."
s06,Riley Nakamura,2,9,freddie,"What felt well-explained this week?"
s06,Riley Nakamura,2,10,student,"Data documentation. I've never done it formally and now I see why it's crucial. Reza's 'imagine you leave your job and someone else uses your data' framing was perfect."
s06,Riley Nakamura,2,11,freddie,"What are you excited about for wrangling next week?"
s06,Riley Nakamura,2,12,student,"Tidy data! It's one of those concepts that sounds simple but changes how you think about data. I want to see how messy game logs get restructured."
s06,Riley Nakamura,2,13,freddie,"Thanks Riley! Any bot feedback?"
s06,Riley Nakamura,2,14,student,"You're consistent and that's good. Maybe let the student give a quick overall rating of the week at the end — like a 1-10 plus the qualitative chat. Would give Reza another data point."
s07,Casey O'Brien,2,1,freddie,"Hi Casey! Freddie here for Week 2. Say STOP anytime. This week was data types, observational units, documentation, live vs dead data, and prediction vs evaluation planning. How are you feeling about it?"
s07,Casey O'Brien,2,2,student,"Hi Freddie. I'm still nervous about this class but this week was actually less scary than I expected. Data types made sense — like I understand what categorical vs numerical means. It's when we got to observational units that I got confused again."
s07,Casey O'Brien,2,3,freddie,"Glad data types felt manageable! What specifically about observational units was confusing? And what might have helped clear it up?"
s07,Casey O'Brien,2,4,student,"I think it's the abstraction. Like what IS an observational unit? It sounds so formal. When Reza said 'think of it as what each row represents' it clicked for a second but then in the exercise I wasn't sure again."
s07,Casey O'Brien,2,5,freddie,"The 'what each row represents' frame seems helpful. How was Reza for you this week?"
s07,Casey O'Brien,2,6,student,"He's still really encouraging. He noticed I looked confused during the observational unit part and came over to check on me after class which was nice. I wish there were more moments like that built into the lecture."
s07,Casey O'Brien,2,7,freddie,"That's sweet. How were the exercises — documenting a dataset and planning prediction vs evaluation collection?"
s07,Casey O'Brien,2,8,student,"The documentation exercise was actually fun! It felt like describing something rather than doing math. I documented a dataset of Sims player builds. The planning exercise was harder — I don't fully get prediction vs evaluation yet."
s07,Casey O'Brien,2,9,freddie,"Sounds like documentation is in your comfort zone. What felt well-explained this week?"
s07,Casey O'Brien,2,10,student,"Live vs dead data was a cool concept. The metaphor really works. I get that live data is still being generated and dead data is a frozen snapshot. Reza explained that part really clearly."
s07,Casey O'Brien,2,11,freddie,"What are you thinking about next week's cleaning and wrangling topic?"
s07,Casey O'Brien,2,12,student,"Nervous but also kind of excited? It sounds very hands-on which I think will help me more than lectures. I learn by doing."
s07,Casey O'Brien,2,13,freddie,"Thanks Casey! How was chatting with me this week?"
s07,Casey O'Brien,2,14,student,"You were great again! You always feel safe to talk to. No real complaints."
s08,Morgan Lee,2,1,freddie,"Hey Morgan! Freddie for Week 2. STOP or let me know when done. Topics: data types, observational units, documentation, live vs dead data, prediction vs evaluation. Thoughts?"
s08,Morgan Lee,2,2,student,"Hey. This week was better because there was actual data involved. The documentation exercise was a bit tedious but I get why it's important. Live vs dead data was interesting."
s08,Morgan Lee,2,3,freddie,"What about the documentation felt tedious? And was there anything you found confusing or wanted more of?"
s08,Morgan Lee,2,4,student,"Documentation just feels like paperwork. I'd rather work with the data. But I know it's necessary. Nothing was really confusing, just some things were more interesting than others. Observational units were straightforward."
s08,Morgan Lee,2,5,freddie,"Fair. How was Reza this week?"
s08,Morgan Lee,2,6,student,"Good. The live data demo was the highlight. More demos like that and less lecture would be ideal for me."
s08,Morgan Lee,2,7,freddie,"How did the planning exercise go — prediction vs evaluation collection?"
s08,Morgan Lee,2,8,student,"It was fine. I planned a study on whether tutorial completion predicts first-week retention. Made me think about what data I'd actually need which was useful."
s08,Morgan Lee,2,9,freddie,"What are you looking forward to with wrangling next week?"
s08,Morgan Lee,2,10,student,"Actually coding with messy data. That's where I thrive. Can't wait."
s08,Morgan Lee,2,11,freddie,"Thanks Morgan! Any bot feedback?"
s08,Morgan Lee,2,12,student,"Nah you're fine. Keep it short like this. STOP"
s10,Jamie Thompson,2,1,freddie,"Hey Jamie! Freddie here for Week 2 feedback. STOP anytime. This week: data types, observational units, documentation, live vs dead data, prediction vs evaluation planning. How relevant did this feel to your industry experience?"
s10,Jamie Thompson,2,2,student,"Hey Freddie. This week was really relevant. Live vs dead data is literally something we dealt with at my internship. We had a live telemetry pipeline and archived datasets and they required totally different approaches."
s10,Jamie Thompson,2,3,freddie,"Great real-world connection. Was there anything from the lecture that didn't match what you've seen in industry, or that you felt was missing?"
s10,Jamie Thompson,2,4,student,"The documentation exercise was good but in industry we use tools like data catalogs and automated schema docs. Would be cool to see more about real tooling, not just manual documentation. Also observational units get really complicated with nested event data."
s10,Jamie Thompson,2,5,freddie,"Good point about tooling. How was Reza's teaching for the practical/industry angle?"
s10,Jamie Thompson,2,6,student,"Reza's getting better at bridging theory and practice. The live data demo felt very real. I'd still love a guest speaker from a game analytics team to show what this looks like in production."
s10,Jamie Thompson,2,7,freddie,"How were the exercises — documentation and prediction vs evaluation planning?"
s10,Jamie Thompson,2,8,student,"Documentation was useful — I documented our studio's player event schema from memory and realized how much tribal knowledge we have that should be written down. The planning exercise was solid for structuring a study design."
s10,Jamie Thompson,2,9,freddie,"What was explained best this week?"
s10,Jamie Thompson,2,10,student,"Live vs dead data, hands down. Reza nailed that topic. The prediction vs evaluation distinction was also well framed."
s10,Jamie Thompson,2,11,freddie,"What are you excited about for wrangling next week?"
s10,Jamie Thompson,2,12,student,"Cleaning messy play-session logs — that's literally what I did as an intern. Excited to see how Reza teaches it formally."
s10,Jamie Thompson,2,13,freddie,"Thanks Jamie! Bot feedback?"
s10,Jamie Thompson,2,14,student,"You're good. Maybe connect questions to the student's background — you know I have industry experience, so ask about that connection. Would make it feel more personalized."
s12,Quinn Fischer,2,1,freddie,"Hey Quinn! Freddie here for Week 2. STOP or let me know when done. Data types, observational units, documentation, live vs dead data, prediction vs evaluation — what are your thoughts?"
s12,Quinn Fischer,2,2,student,"Freddie!! This week was so cool! Live data vs dead data blew my mind. I never thought about it that way. And data types made a lot of sense — I was worried it would be more confusing than it was."
s12,Quinn Fischer,2,3,freddie,"Glad data types were clear! Was there anything that tripped you up or that you want more clarity on?"
s12,Quinn Fischer,2,4,student,"Ok so observational units were kind of confusing? Like I thought I got it but then in the exercise I wasn't sure if my unit was a player or a play session. Is it both?? I went back and forth."
s12,Quinn Fischer,2,5,freddie,"It can depend on the question you're asking! What do you think would help — more examples, a checklist, or practice problems?"
s12,Quinn Fischer,2,6,student,"Ooh a checklist would be great! Like a flowchart. Reza is awesome but sometimes the concepts need a decision guide. He teaches well but I need tools to apply things on my own."
s12,Quinn Fischer,2,7,freddie,"How were the exercises this week?"
s12,Quinn Fischer,2,8,student,"Documentation was fun! I documented a Pokemon stats dataset and it was like telling a story about data. The planning exercise was harder but I liked thinking through what I'd actually collect. I planned something about Minecraft building patterns!"
s12,Quinn Fischer,2,9,freddie,"Those are fun choices! What are you excited about next week?"
s12,Quinn Fischer,2,10,student,"CLEANING DATA!! It sounds satisfying honestly. Like tidying a room but for data. I'm weird I know."
s12,Quinn Fischer,2,11,freddie,"Ha not weird at all! Thanks Quinn. Bot feedback?"
s12,Quinn Fischer,2,12,student,"You're great Freddie! Keep being you. Maybe add some fun facts or data science jokes to lighten the mood. This is feedback after all not an exam!"
s14,River Santos,2,1,freddie,"Hey River! Freddie for Week 2. STOP or tell me when done. This week: data types, observational units, documentation, live vs dead data, prediction vs evaluation. How did it go?"
s14,River Santos,2,2,student,"Hey Freddie. Good week overall. The content was more concrete than Week 1 which I appreciated. Observational units and data types are fundamental and Reza taught them well with game examples."
s14,River Santos,2,3,freddie,"Glad it felt concrete. Anything you struggled with or wish was covered differently?"
s14,River Santos,2,4,student,"Live vs dead data could have been explored more. It's a really important distinction for game devs and I feel like we only spent about 15 minutes on it. Also the ethical dimensions of live data collection could use more attention."
s14,River Santos,2,5,freddie,"Ethics is an important point. How was Reza this week overall?"
s14,River Santos,2,6,student,"Reza was great. He brought real datasets this week which made everything more tangible. The walkthrough of a real game dataset's documentation was really effective. Good pacing improvement from Week 1."
s14,River Santos,2,7,freddie,"How were the exercises?"
s14,River Santos,2,8,student,"Both well-designed. I documented a dataset from an indie game jam analytics dashboard — it was more complex than expected which was instructive. The prediction vs evaluation planning helped me distinguish study goals I usually conflate."
s14,River Santos,2,9,freddie,"What was explained best?"
s14,River Santos,2,10,student,"Observational units. Reza's nested example of player > session > event was clear and the exercise of identifying units in different datasets cemented it."
s14,River Santos,2,11,freddie,"Excited about anything for wrangling next week?"
s14,River Santos,2,12,student,"Tidy data principles. I've heard the term but never formally studied it. Also curious about how reshaping works with typical game data structures."
s14,River Santos,2,13,freddie,"Thanks River! Bot feedback?"
s14,River Santos,2,14,student,"Still a bit formulaic but better than last week. Maybe vary your question order based on what the student brings up naturally."
s15,Cameron Novak,2,1,freddie,"Hey Cameron! Freddie here for Week 2 feedback. STOP anytime. This week covered data types, observational units, documentation, live vs dead data, and prediction vs evaluation planning. How did it go?"
s15,Cameron Novak,2,2,student,"Hi Freddie. I have detailed feedback. Data types were clear. Observational units were clear in principle but I found edge cases during the exercise. Like what's the observational unit for event-stream data where events have different schemas?"
s15,Cameron Novak,2,3,freddie,"That's a tricky edge case. Did Reza address heterogeneous event schemas, or was that something you identified on your own?"
s15,Cameron Novak,2,4,student,"I asked about it and Reza said we'd cover it more in wrangling. Fair answer but I wanted more right then. Data documentation was also good but the exercise lacked a rubric — I wasn't sure what 'good enough' documentation looks like."
s15,Cameron Novak,2,5,freddie,"Makes sense — a rubric or exemplar would help. How was Reza's teaching otherwise? Any specific strengths or gaps?"
s15,Cameron Novak,2,6,student,"Reza's responsive to questions which I appreciate. His live data demo was excellent — very clear and well-paced. I think he should provide more written resources for students who want to go deeper outside class. A reading list would help."
s15,Cameron Novak,2,7,freddie,"How did the prediction vs evaluation planning exercise go for you?"
s15,Cameron Novak,2,8,student,"It was the highlight of the week. I planned both a prediction and evaluation study about player skill assessment in competitive games. The comparison made the distinction very concrete. I'd love to see a peer review component added."
s15,Cameron Novak,2,9,freddie,"Peer review is a great idea. What was explained best this week?"
s15,Cameron Novak,2,10,student,"Live vs dead data. Reza's progression from definition to examples to implications was textbook good pedagogy. Also the way he connected it to when you'd choose each type for different research questions."
s15,Cameron Novak,2,11,freddie,"What are you looking forward to with cleaning and wrangling?"
s15,Cameron Novak,2,12,student,"Tidy data theory. I have opinions about how data should be structured and I want to see if Wickham's principles hold up for game data or if there are game-specific adaptations."
s15,Cameron Novak,2,13,freddie,"Thanks Cameron! Bot feedback?"
s15,Cameron Novak,2,14,student,"Better this week. You could add a way for me to rate confidence on each topic. Like 'on a 1-5 how confident are you about observational units?' That would give Reza quantitative data to complement the qualitative."
s17,Blake Harrison,2,1,freddie,"Hey Blake! Freddie for Week 2. STOP when done. Data types, observational units, documentation, live vs dead data, prediction vs evaluation. How did this week land?"
s17,Blake Harrison,2,2,student,"Hey. Live vs dead data was the one concept this week I didn't already know. Everything else was covered in my ML courses. But the game framing continues to be worthwhile."
s17,Blake Harrison,2,3,freddie,"Makes sense. For the familiar content — was it presented in a way that at least added a game-specific layer? Or purely redundant?"
s17,Blake Harrison,2,4,student,"Data documentation added value because ML courses skip it. Observational units were fine. Data types were fully redundant. I think the course could offer a placement quiz to let advanced students skip known topics."
s17,Blake Harrison,2,5,freddie,"How was Reza for you this week?"
s17,Blake Harrison,2,6,student,"Solid as usual. The live data demo was well done even for someone who's worked with streaming data. He has a gift for making things feel exciting even if you've seen them before."
s17,Blake Harrison,2,7,freddie,"How were the exercises?"
s17,Blake Harrison,2,8,student,"Documentation was genuinely useful — made me reflect on my own bad habits. The planning exercise was fine but basic. I planned a prediction study on game sales from Steam features. Done it before but good practice."
s17,Blake Harrison,2,9,freddie,"What are you looking forward to next week?"
s17,Blake Harrison,2,10,student,"Honestly wrangling is where things get real. Messy game data is where the actual challenges are. Looking forward to it."
s17,Blake Harrison,2,11,freddie,"Thanks Blake. Bot feedback?"
s17,Blake Harrison,2,12,student,"Still feels like a survey with a chatbot wrapper. Which is fine. But if you want real feedback, ask harder questions. STOP"
s18,Sage Dimitriou,2,1,freddie,"Hi! I'm Freddie, your CMPM 230 feedback bot. Here for your Week 2 thoughts. Say STOP or let me know when done. This week: data types, observational units, documentation, live vs dead data, prediction vs evaluation. How did it connect to your interests?"
s18,Sage Dimitriou,2,2,student,"Hi Freddie. I'm from cognitive science so I come at this differently. Data collection is central to my research and I was really interested in how it applies to game contexts. The prediction vs evaluation framing maps well to exploratory vs confirmatory research."
s18,Sage Dimitriou,2,3,freddie,"Great cross-disciplinary connection. Was there anything confusing or that didn't translate well from your research background?"
s18,Sage Dimitriou,2,4,student,"Observational units in games are trickier than in traditional cog sci experiments where it's usually just participants. The nested structure Reza described — player, session, event — is more complex. I had to adjust my thinking."
s18,Sage Dimitriou,2,5,freddie,"Makes sense. How was Reza's approach for an interdisciplinary student like you?"
s18,Sage Dimitriou,2,6,student,"Reza's very inclusive. He doesn't assume CS background which I appreciate. The live vs dead data concept is similar to real-time vs archival research data. He could make these cross-field connections more explicit."
s18,Sage Dimitriou,2,7,freddie,"How were the exercises for you?"
s18,Sage Dimitriou,2,8,student,"I documented a UX playtest dataset from my research which felt natural. The planning exercise was great — I planned a study on how game UI design affects cognitive load, which bridges my two fields."
s18,Sage Dimitriou,2,9,freddie,"What felt well-explained?"
s18,Sage Dimitriou,2,10,student,"Data documentation was incredibly well taught. In cog sci we call it a codebook but the principles are the same. Reza's emphasis on documentation for reproducibility resonated with my research training."
s18,Sage Dimitriou,2,11,freddie,"Thanks Sage! Bot feedback?"
s18,Sage Dimitriou,2,12,student,"Good experience. Maybe add a question about how concepts connect to students' other fields. You'd get richer feedback from interdisciplinary students."
s20,Emery Liu,2,1,freddie,"Hi! I'm Freddie, the CMPM 230 feedback bot. I'm here for your Week 2 thoughts. Say STOP or tell me when you're done. This week covered data types, observational units, documentation, live vs dead data, prediction vs evaluation. How was it?"
s20,Emery Liu,2,2,student,"Hi Freddie. This week is good. I understand the concepts clearly — data types and observational units I learned in my undergrad in China. The game examples make it more interesting for me."
s20,Emery Liu,2,3,freddie,"Good to hear your background helps. Was there anything that was new or challenging for you this week?"
s20,Emery Liu,2,4,student,"Live vs dead data is new concept for me. Very useful. Documentation also — in China we did not focus on this much. I think it is important for collaboration. Sometimes I am not sure I understand the exact English terms for some concepts."
s20,Emery Liu,2,5,freddie,"That's a fair challenge. Does Reza explain terms clearly enough, or would visual aids or written definitions help more?"
s20,Emery Liu,2,6,student,"Reza is clear. He speaks at good pace. Maybe having slides with key definitions available after class would help me review. I sometimes need to see things written to fully understand."
s20,Emery Liu,2,7,freddie,"Good suggestion. How were the exercises?"
s20,Emery Liu,2,8,student,"I documented a Chinese mobile game dataset which was interesting. The planning exercise was also good — I planned prediction study on player spending behavior. Both exercises help me practice using English technical terms."
s20,Emery Liu,2,9,freddie,"Smart to use the exercises for language practice too. What was well-explained?"
s20,Emery Liu,2,10,student,"Observational unit concept was very clear. Reza's examples made it easy to understand even though the term was new to me in English."
s20,Emery Liu,2,11,freddie,"What are you looking forward to next week?"
s20,Emery Liu,2,12,student,"Cleaning data. I have experience with this from before but I want to learn the formal English terminology and game-specific methods."
s20,Emery Liu,2,13,freddie,"Thanks Emery! Any feedback on me?"
s20,Emery Liu,2,14,student,"You are good. Maybe allow more time for answers — I sometimes need to think before typing in English. But overall helpful. Thank you."
s01,Alex Chen,3,1,freddie,"Hey Alex! Freddie here for Week 3. STOP or tell me when done. This week: tidy data, rows-columns-values, reshaping, filtering, mutation, grouping, and data prep. How did the wrangling concepts land for you?"
s01,Alex Chen,3,2,student,"Hey Freddie. This was my favorite week so far. Really hands-on and practical. Tidy data clicked immediately — the one-variable-per-column rule makes so much sense once you see it."
s01,Alex Chen,3,3,freddie,"Great to hear it clicked! Was there anything that tripped you up or where you wanted more depth?"
s01,Alex Chen,3,4,student,"Reshaping was a bit tricky at first — pivot_longer vs pivot_wider took me a few tries to internalize. I kept mixing up which direction to go. More practice problems for this would help."
s01,Alex Chen,3,5,freddie,"What do you think would have made reshaping clearer — more diagrams, before/after examples, or interactive exercises?"
s01,Alex Chen,3,6,student,"Before/after examples for sure. Show me the messy table, show me the tidy one, and then walk through which reshape operation gets you there. Reza did one but I needed more."
s01,Alex Chen,3,7,freddie,"How was Reza's teaching this week?"
s01,Alex Chen,3,8,student,"Best week yet. He was clearly in his element with the hands-on stuff. The live coding demos were great — seeing him clean data in real-time and explain his thinking was super valuable."
s01,Alex Chen,3,9,freddie,"How did the exercises go — cleaning a messy play-session log and reshaping a Steam reviews CSV into tidy form?"
s01,Alex Chen,3,10,student,"Both were excellent. The play-session log was realistically messy — missing values, inconsistent formats, duplicates. It felt like real work. The Steam reviews reshaping was challenging but satisfying once I got it."
s01,Alex Chen,3,11,freddie,"What felt well-explained this week?"
s01,Alex Chen,3,12,student,"Filtering and mutation were super clear. Reza's approach of starting with simple operations and layering complexity was effective. Grouping was also well-taught."
s01,Alex Chen,3,13,freddie,"What are you excited about for next week's exploratory analysis topic?"
s01,Alex Chen,3,14,student,"Visualization and patterns. I want to see what stories emerge from the data we've been cleaning. That feels like where the fun really begins."
s01,Alex Chen,3,15,freddie,"Thanks Alex! Bot feedback?"
s01,Alex Chen,3,16,student,"Consistent as always. This has been a useful way to reflect on each week. Keep it up."
s02,Maya Rodriguez,3,1,freddie,"Hey Maya! Freddie here for Week 3. STOP or let me know when done. This week: tidy data, reshaping, filtering, mutation, grouping, and data prep. How did the wrangling concepts feel for you?"
s02,Maya Rodriguez,3,2,student,"Hi Freddie! I actually understood more this week than I expected! Tidy data makes intuitive sense — each row is one thing, each column is one property. That clicked when Reza used the character inventory example."
s02,Maya Rodriguez,3,3,freddie,"Awesome that the example helped! Was there anything that was confusing or harder to follow?"
s02,Maya Rodriguez,3,4,student,"Reshaping was really confusing for me. I understand WHY you'd want to reshape data but the actual operations — like which columns go where — felt overwhelming. I needed more time to process it."
s02,Maya Rodriguez,3,5,freddie,"What would have helped with reshaping — smaller datasets, step-by-step walkthroughs, or maybe pair work with another student?"
s02,Maya Rodriguez,3,6,student,"Pair work would be amazing! I learn better when I can talk through it with someone. Also smaller datasets — the examples were a bit big for me to track all the changes."
s02,Maya Rodriguez,3,7,freddie,"How was Reza this week?"
s02,Maya Rodriguez,3,8,student,"Really good! The live coding was exciting even though I couldn't follow everything. He's patient and loops back to check if people are following. The game examples continue to be the best part."
s02,Maya Rodriguez,3,9,freddie,"How did the exercises go — cleaning the play-session log and reshaping the Steam reviews CSV?"
s02,Maya Rodriguez,3,10,student,"The cleaning exercise was manageable and even kind of fun — like solving a puzzle. The reshaping exercise was hard and I needed help from a classmate to finish it. But I learned a lot from struggling with it."
s02,Maya Rodriguez,3,11,freddie,"Learning from struggle is real. What felt well-explained?"
s02,Maya Rodriguez,3,12,student,"Filtering was super clear. It's basically just 'pick the rows you want' which makes sense. Mutation too — adding a new column based on existing ones was taught really well."
s02,Maya Rodriguez,3,13,freddie,"What are you looking forward to with exploratory analysis next week?"
s02,Maya Rodriguez,3,14,student,"Visualization! That's where my design brain can actually contribute. I'm excited to make things look good AND be informative."
s02,Maya Rodriguez,3,15,freddie,"Thanks Maya! Bot feedback?"
s02,Maya Rodriguez,3,16,student,"You've been great all quarter! Honestly keep doing what you're doing. Maybe ask about the emotional experience of learning too — like 'how did it FEEL?' That would give Reza insight into student wellbeing."
s04,Sam Patel,3,1,freddie,"Hey Sam! Freddie for Week 3. STOP when done. Tidy data, reshaping, filtering, mutation, grouping, data prep. How was it?"
s04,Sam Patel,3,2,student,"Hi Freddie. Tidy data principles were familiar from my R work but Reza's presentation was solid. The game data context adds complexity I hadn't thought about — event streams don't neatly fit tidy data rules."
s04,Sam Patel,3,3,freddie,"Interesting tension between tidy data and event streams. Was there anything you wished went deeper or that you found limiting?"
s04,Sam Patel,3,4,student,"I wanted to discuss when NOT to use tidy data. Sometimes wide format is better for performance or specific analyses. Reza presented tidy as the goal but there are legitimate exceptions. Also grouping was too basic for me."
s04,Sam Patel,3,5,freddie,"Fair nuance. How was Reza this week?"
s04,Sam Patel,3,6,student,"Best lecture so far. Live coding was excellent. He's clearly a practitioner, not just a theorist. I appreciated that he showed real messy data and didn't sanitize the examples."
s04,Sam Patel,3,7,freddie,"How were the exercises — cleaning the play-session log and reshaping the Steam reviews CSV?"
s04,Sam Patel,3,8,student,"Both well-designed. The play-session log had realistic messiness — I finished fast but then found additional issues others missed. The Steam reviews exercise was good but I'd add a harder follow-up for advanced students."
s04,Sam Patel,3,9,freddie,"What was well-explained?"
s04,Sam Patel,3,10,student,"Reshaping. Reza's side-by-side before/after visualization of the data made it immediately clear. Even though I knew the concepts, his visual approach was better than how I learned it."
s04,Sam Patel,3,11,freddie,"Excited for exploratory analysis next week?"
s04,Sam Patel,3,12,student,"Yes — that's where data science gets creative. I want to see Reza's approach to EDA for game data specifically."
s04,Sam Patel,3,13,freddie,"Thanks Sam! Bot feedback?"
s04,Sam Patel,3,14,student,"You're getting better. Still think an experience-level tag at the start would improve conversation quality. But your questions this week were more relevant to me."
s06,Riley Nakamura,3,1,freddie,"Hey Riley! Freddie for Week 3. STOP or tell me when done. Tidy data, reshaping, filtering, mutation, grouping, data prep. How did it go?"
s06,Riley Nakamura,3,2,student,"Hey Freddie! Loved this week. Tidy data is one of those concepts that's simple but changes how you think about everything. I finally understand why my ML data pipelines have been messier than they need to be."
s06,Riley Nakamura,3,3,freddie,"That's a great aha moment! Anything challenging or that you wanted explored further?"
s06,Riley Nakamura,3,4,student,"Grouping was straightforward but I wanted to see more complex aggregations — like nested grouping or rolling windows on time-series game data. Also would love to see how this connects to feature engineering for ML."
s06,Riley Nakamura,3,5,freddie,"Good ask about the ML connection. How was Reza this week?"
s06,Riley Nakamura,3,6,student,"Outstanding. The live coding was his best yet. He made mistakes on purpose to show debugging which was incredibly valuable. His 'always inspect your data after each operation' mantra is going to stick with me."
s06,Riley Nakamura,3,7,freddie,"How were the exercises — the play-session log and Steam reviews CSV?"
s06,Riley Nakamura,3,8,student,"The play-session log was a great warm-up. The Steam reviews reshaping was the real challenge — I had to think carefully about what the observational unit should be post-reshaping. It tied back to Week 2 concepts nicely."
s06,Riley Nakamura,3,9,freddie,"Nice that concepts are building on each other. What was well-explained?"
s06,Riley Nakamura,3,10,student,"Mutation was taught brilliantly. The progression from simple computed columns to conditional mutation to string parsing was perfect scaffolding."
s06,Riley Nakamura,3,11,freddie,"Excited for exploratory analysis?"
s06,Riley Nakamura,3,12,student,"So excited. Visualization plus statistical summaries on game data? That's going to be amazing. I also want to start connecting EDA to the ML pipeline."
s06,Riley Nakamura,3,13,freddie,"Thanks Riley! Bot feedback?"
s06,Riley Nakamura,3,14,student,"You've been great all three weeks. At this point maybe ask about how the course is building cumulatively — like do concepts from earlier weeks connect? That meta-feedback could be really useful for Reza."
s07,Casey O'Brien,3,1,freddie,"Hi Casey! Freddie for Week 3. STOP anytime. This week: tidy data, reshaping, filtering, mutation, grouping, data prep. How are you feeling about wrangling?"
s07,Casey O'Brien,3,2,student,"Hi Freddie! Ok so actually this week was better than I expected?? Filtering makes total sense — it's like selecting layers in Photoshop. And tidy data felt logical, not scary."
s07,Casey O'Brien,3,3,freddie,"Love that Photoshop analogy! Was there anything that was harder or that brought back the anxiety?"
s07,Casey O'Brien,3,4,student,"Reshaping. Oh my god reshaping. I stared at the example for so long and my brain just would not click. I understand the concept but actually doing it on the exercise was really frustrating."
s07,Casey O'Brien,3,5,freddie,"That sounds stressful. What do you think would have helped — smaller examples, a visual animation of the reshape, or more guided steps?"
s07,Casey O'Brien,3,6,student,"A visual animation would be PERFECT. Like literally showing the cells moving from one layout to another. That's how my brain works. Reza's explanation was good but it was all in code and text."
s07,Casey O'Brien,3,7,freddie,"Great suggestion. How was Reza for you this week overall?"
s07,Casey O'Brien,3,8,student,"He's so patient. I went to office hours about reshaping and he spent 20 minutes with me going step by step. I wish that level of individual attention was available during class too. Maybe smaller group exercises."
s07,Casey O'Brien,3,9,freddie,"How did the exercises go — the play-session log and Steam reviews CSV?"
s07,Casey O'Brien,3,10,student,"The cleaning exercise was actually fun and I felt competent doing it! Finding and fixing the messy parts was like a scavenger hunt. The reshaping exercise... I needed help. But I'm proud I attempted it."
s07,Casey O'Brien,3,11,freddie,"You should be proud! What felt well-explained?"
s07,Casey O'Brien,3,12,student,"Filtering and tidy data were the clearest concepts. They just make sense intuitively. And grouping was clear once Reza showed the example of grouping players by level."
s07,Casey O'Brien,3,13,freddie,"Looking forward to exploratory analysis next week?"
s07,Casey O'Brien,3,14,student,"If there are charts and visuals I am SO there. I can finally use my design skills! I'm actually excited about a data science topic for the first time!"
s07,Casey O'Brien,3,15,freddie,"That's wonderful Casey! Bot feedback?"
s07,Casey O'Brien,3,16,student,"Freddie you've been a safe space for me to admit when I'm struggling without judgment. Please keep that up. You're doing great!"
s09,Avery Martinez,3,1,freddie,"Hey Avery! Freddie here for Week 3. STOP or let me know when done. Tidy data, reshaping, filtering, mutation, grouping, data prep. How did this connect to your cog sci perspective?"
s09,Avery Martinez,3,2,student,"Hi Freddie! Great week. Tidy data maps directly to how we structure experimental data in cog sci — one row per trial, one column per variable. Seeing it formalized for game data was validating."
s09,Avery Martinez,3,3,freddie,"Cool that it validated your research practices. Anything new or challenging from this week?"
s09,Avery Martinez,3,4,student,"Reshaping was interesting because game data has structures I don't usually encounter in behavioral research. Nested events within sessions within players — that level of hierarchy required more complex reshaping than I'm used to."
s09,Avery Martinez,3,5,freddie,"How did Reza handle that complexity?"
s09,Avery Martinez,3,6,student,"He built up from simple to complex which was the right approach. I think he could explicitly acknowledge that students from different fields will find different parts intuitive or challenging. That acknowledgment goes a long way."
s09,Avery Martinez,3,7,freddie,"Good pedagogical suggestion. How were the exercises?"
s09,Avery Martinez,3,8,student,"The play-session log cleaning was similar to cleaning research data so it felt natural. The Steam reviews reshaping was new territory — dealing with text data and review metadata was a fun challenge."
s09,Avery Martinez,3,9,freddie,"What was well-explained?"
s09,Avery Martinez,3,10,student,"Grouping and aggregation. Reza's example of grouping by player and calculating session statistics was immediately clear and applicable to my own research."
s09,Avery Martinez,3,11,freddie,"Excited for exploratory analysis?"
s09,Avery Martinez,3,12,student,"Very much so. EDA is where research gets creative. I want to see how game data exploration differs from behavioral data exploration."
s09,Avery Martinez,3,13,freddie,"Thanks Avery! Bot feedback?"
s09,Avery Martinez,3,14,student,"You've been good. My standing suggestion — ask about cross-disciplinary connections. You'd uncover richer insights from interdisciplinary students."
s10,Jamie Thompson,3,1,freddie,"Hey Jamie! Freddie for Week 3. STOP or tell me when done. Tidy data, reshaping, filtering, mutation, grouping, data prep. How practical did this feel?"
s10,Jamie Thompson,3,2,student,"Freddie this week was incredible. This is literally what I did as an intern — cleaning messy event logs, reshaping telemetry data, filtering by player segments. Reza nailed the content and the exercises felt like real work."
s10,Jamie Thompson,3,3,freddie,"Great to hear it matched industry! Anything that was different from your experience or that you'd add?"
s10,Jamie Thompson,3,4,student,"In industry we use tools like dbt and Airflow for this stuff at scale. Would be cool to mention that the manual techniques we're learning have enterprise equivalents. Also missing data handling could have gotten more time — that's a huge issue in practice."
s10,Jamie Thompson,3,5,freddie,"Industry tooling context is a good add. How was Reza?"
s10,Jamie Thompson,3,6,student,"Best lecture of the course. His live coding was clean and he narrated his thought process which is exactly how senior data engineers teach juniors. Very industry-aligned pedagogy."
s10,Jamie Thompson,3,7,freddie,"How were the exercises?"
s10,Jamie Thompson,3,8,student,"The play-session log exercise felt like a real intern task which made it valuable. The Steam reviews reshaping was well-constructed. I'd love to see an exercise with larger data that requires thinking about efficiency."
s10,Jamie Thompson,3,9,freddie,"What was explained best?"
s10,Jamie Thompson,3,10,student,"Tidy data principles. Simple concept but Reza made a compelling case for why it matters. The before/after comparison was effective."
s10,Jamie Thompson,3,11,freddie,"Excited for exploratory analysis?"
s10,Jamie Thompson,3,12,student,"Yes — at my internship we mostly did dashboards and KPIs. Formal EDA was less structured. I want to learn the systematic approach."
s10,Jamie Thompson,3,13,freddie,"Thanks Jamie! Bot feedback?"
s10,Jamie Thompson,3,14,student,"Solid. Three weeks in, I think you could ask about cumulative learning — like whether concepts are building on each other well. That trajectory feedback would be useful."
s14,River Santos,3,1,freddie,"Hey River! Freddie for Week 3. STOP or tell me when done. Tidy data, reshaping, filtering, mutation, grouping, and prep. How was wrangling week?"
s14,River Santos,3,2,student,"Hey Freddie. Strong week. Tidy data was the concept I was most looking forward to and it delivered. The rows-columns-values framework is elegant and Reza presented it with clear game data examples."
s14,River Santos,3,3,freddie,"Glad it lived up to expectations. Anything challenging or worth more depth?"
s14,River Santos,3,4,student,"Reshaping was the trickiest part. I understand the concept but edge cases — like when your data has multiple value columns that need different treatment — weren't fully covered. Also joining/merging datasets wasn't mentioned and that's a big part of real wrangling."
s14,River Santos,3,5,freddie,"Joins are a fair gap to flag. How was Reza this week?"
s14,River Santos,3,6,student,"Reza was in his element. The live coding was excellent — best teaching of the quarter. He showed real messy data and worked through it organically rather than following a script. Very authentic."
s14,River Santos,3,7,freddie,"How were the exercises?"
s14,River Santos,3,8,student,"Both strong. The play-session log had realistic problems — not just toy issues. The Steam reviews exercise was well-scoped and required applying multiple operations in sequence. Good assessment of whether students can chain operations."
s14,River Santos,3,9,freddie,"What was best explained?"
s14,River Santos,3,10,student,"Filtering and grouping. Reza's progression from simple to complex with consistent game data context made them immediately useful. Mutation was also well-taught."
s14,River Santos,3,11,freddie,"Looking forward to exploratory analysis?"
s14,River Santos,3,12,student,"Definitely. I want to explore patterns in the data we've been cleaning. It feels like all the prep work is about to pay off."
s14,River Santos,3,13,freddie,"Thanks River! Bot feedback?"
s14,River Santos,3,14,student,"You've improved across weeks. My suggestion — at Week 3, add a question about cumulative experience. How is the course trajectory feeling? That mid-quarter check would be valuable."
s15,Cameron Novak,3,1,freddie,"Hey Cameron! Freddie for Week 3. STOP when done. Tidy data, reshaping, filtering, mutation, grouping, data prep. Lots of material — how did it go?"
s15,Cameron Novak,3,2,student,"Hi Freddie. Packed week. Tidy data principles were clean and well-presented. I have detailed thoughts on several topics."
s15,Cameron Novak,3,3,freddie,"I'm all ears. What did you want to dig into?"
s15,Cameron Novak,3,4,student,"First, reshaping: the pivot operations were clear but I encountered an issue where reshaping my data created implicit NAs. Reza didn't cover what to do when reshaping introduces missing values. That's a gap. Second, grouping: simple examples were fine but we didn't cover grouped mutation or window functions."
s15,Cameron Novak,3,5,freddie,"Good catches — both are real gaps. What about Reza's teaching approach? Any feedback on how he handled the volume of material?"
s15,Cameron Novak,3,6,student,"Reza managed the pacing well given how much content there was. His live coding was excellent — possibly the best teaching I've experienced in grad school. He should lean even harder into live coding and reduce slides."
s15,Cameron Novak,3,7,freddie,"High praise. How were the exercises — the play-session log and Steam reviews CSV?"
s15,Cameron Novak,3,8,student,"Play-session log was great — I found edge cases I think were intentional (duplicate timestamps, encoding issues). Very realistic. The Steam reviews reshaping exposed the NA problem I mentioned. I'd add a debrief step where the class discusses edge cases found."
s15,Cameron Novak,3,9,freddie,"A debrief is a great idea. What was well-explained?"
s15,Cameron Novak,3,10,student,"Tidy data definition was crystal clear. The three rules — every variable a column, every observation a row, every value a cell — were presented with enough examples to make them unambiguous. Also filtering conditions were well-taught."
s15,Cameron Novak,3,11,freddie,"Excited for exploratory analysis?"
s15,Cameron Novak,3,12,student,"Very. I want to see how Reza approaches EDA systematically. I also want to know what tools and visualization libraries he recommends for game data specifically."
s15,Cameron Novak,3,13,freddie,"Thanks Cameron! Bot feedback?"
s15,Cameron Novak,3,14,student,"Best session yet. You adapted better to my detailed style. Suggestion: add an optional section where students can submit specific code issues or data problems they encountered. Would give Reza very actionable feedback."
s19,Hayden Cooper,3,1,freddie,"Hi! I'm Freddie, your CMPM 230 feedback bot. I'm here for your Week 3 thoughts. Say STOP or let me know when done. This week: tidy data, reshaping, filtering, mutation, grouping, data prep. How did it feel?"
s19,Hayden Cooper,3,2,student,"Hey Freddie, first time using this. I've been too busy with work to do the surveys before but this week's content was directly relevant to my job so I wanted to share."
s19,Hayden Cooper,3,3,freddie,"Welcome! What about wrangling connected to your work?"
s19,Hayden Cooper,3,4,student,"I work part-time at a game studio and I literally clean player event logs as part of my job. Reza's approach was solid and actually taught me some techniques I didn't know — especially the reshaping. We usually just hack it with scripts."
s19,Hayden Cooper,3,5,freddie,"Cool that it was directly applicable. Anything you'd improve about how it was taught?"
s19,Hayden Cooper,3,6,student,"The pace was good. I'd add more on handling really large messy datasets — in production our logs are millions of rows. The exercises use small data which is fine for learning but scale matters. Also time management — the exercises take longer than the class time allows."
s19,Hayden Cooper,3,7,freddie,"How was Reza for you?"
s19,Hayden Cooper,3,8,student,"Really good. His industry examples feel authentic. I'd love it if he talked more about the tools and pipelines used in production, not just the concepts."
s19,Hayden Cooper,3,9,freddie,"How were the exercises?"
s19,Hayden Cooper,3,10,student,"Play-session log was realistic and fun. Reshaping the Steam reviews was useful. Both were well-designed but I ran out of time on the second one."
s19,Hayden Cooper,3,11,freddie,"Thanks Hayden! Since this is your first time — how was chatting with me? Useful?"
s19,Hayden Cooper,3,12,student,"Yeah it's easy and quick. Better than a form. I'll try to do it more often. STOP"
s20,Emery Liu,3,1,freddie,"Hey Emery! Freddie for Week 3. STOP or tell me when done. This week: tidy data, reshaping, filtering, mutation, grouping, data prep. How did it go?"
s20,Emery Liu,3,2,student,"Hi Freddie. This week is familiar to me — I did similar work in my undergrad data science courses. Tidy data concept I already knew. But the game data context is new and interesting."
s20,Emery Liu,3,3,freddie,"Glad the context adds value. Was there anything new or challenging despite your background?"
s20,Emery Liu,3,4,student,"The exercises used English column names and game terms I am not familiar with. Like 'play session' and 'review score' — I understand now but at first I had to look up some game-specific vocabulary. The actual wrangling operations were clear."
s20,Emery Liu,3,5,freddie,"That's a useful flag about vocabulary. How was Reza for you this week?"
s20,Emery Liu,3,6,student,"Very clear teaching. His live coding was easy to follow. I like that he explains his thought process — it helps me learn both the technique and the English vocabulary at the same time."
s20,Emery Liu,3,7,freddie,"How were the exercises?"
s20,Emery Liu,3,8,student,"Both good. The cleaning exercise I finished quickly. The reshaping exercise took more time because I had to understand the context of the data first. Once I understood the Steam reviews structure, the actual reshape was straightforward."
s20,Emery Liu,3,9,freddie,"What was well-explained?"
s20,Emery Liu,3,10,student,"Grouping and aggregation were very clearly taught. Reza's step-by-step approach with visual output after each step helps me verify my understanding."
s20,Emery Liu,3,11,freddie,"Excited for exploratory analysis?"
s20,Emery Liu,3,12,student,"Yes, visualization is something I enjoy. I am curious about the tools Reza will use. In China we used different libraries."
s20,Emery Liu,3,13,freddie,"Thanks Emery! Bot feedback?"
s20,Emery Liu,3,14,student,"You are helpful. I feel comfortable talking to a bot because I do not worry about my English being perfect. That is a good advantage of this format. Thank you Freddie."
